"","Num","Image1","Image2","Image3"
"1",1,"08_23_DEG_000016.jpg","08_23_DEG_000017.jpg","08_23_DEG_000018.jpg"
"2",2,"08_23_DEG_000028.jpg","08_23_DEG_000029.jpg","NA"
"3",3,"08_23_DEG_000034.jpg","08_23_DEG_000035.jpg","NA"
"4",4,"08_23_DEG_000043.jpg","08_23_DEG_000044.jpg","NA"
"5",5,"08_23_DEG_000049.jpg","08_23_DEG_000052.jpg","NA"
"6",6,"08_23_DEG_000064.jpg","08_23_DEG_000065.jpg","NA"
"7",7,"08_23_DEG_000097.jpg","08_23_DEG_000100.jpg","NA"
"8",8,"08_23_DEG_000127.jpg","08_23_DEG_000128.jpg","NA"
"9",9,"08_23_DEG_000133.jpg","08_23_DEG_000134.jpg","NA"
"10",10,"08_23_DEG_000139.jpg","08_23_DEG_000142.jpg","NA"
"11",11,"08_23_DEG_000232.jpg","08_23_DEG_000233.jpg","NA"
"12",12,"08_23_DEG_000244.jpg","08_23_DEG_000241.jpg","NA"
"13",13,"08_23_DEG_000250.jpg","08_23_DEG_000253.jpg","NA"
"14",14,"08_23_DEG_000274.jpg","08_23_DEG_000275.jpg","NA"
"15",15,"03_05_SH_000016.jpg","03_05_SH_000017.jpg","03_05_SH_000018.jpg"
"16",16,"03_05_SH_000034.jpg","03_05_SH_000037.jpg","NA"
"17",17,"03_05_SH_000049.jpg","03_05_SH_000050.jpg","NA"
"18",18,"03_05_SH_000073.jpg","03_05_SH_000074.jpg","NA"
"19",19,"03_05_SH_000082.jpg","03_05_SH_000083.jpg","NA"
"20",20,"03_05_SH_000097.jpg","03_05_SH_000100.jpg","NA"
"21",21,"03_05_SH_000118.jpg","03_05_SH_000119.jpg","NA"
"22",22,"08_23_DEG_000151.jpg","08_23_DEG_000152.jpg","NA"
"23",23,"08_23_DEG_000175.jpg","08_23_DEG_000176.jpg","NA"
"24",24,"08_23_DEG_000205.jpg","08_23_DEG_000206.jpg","NA"
"25",25,"03_05_SH_000043.jpg","03_05_SH_000044.jpg","NA"
"26",26,"03_05_SH_000124.jpg","03_05_SH_000125.jpg","03_05_SH_000126.jpg"
"27",27,"08_23_DEG_000070.jpg","08_23_DEG_000071.jpg","08_23_DEG_000072.jpg"
"28",28,"03_05_SH_000112.jpg","03_05_SH_000113.jpg","03_05_SH_000114.jpg"
"29",29,"08_23_DEG_000154.jpg","08_23_DEG_000155.jpg","08_23_DEG_000156.jpg"
"30",30,"08_23_DEG_000145.jpg","08_23_DEG_000146.jpg","08_23_DEG_000147.jpg"
"31",31,"03_05_SH_000055.jpg","03_05_SH_000056.jpg","03_05_SH_000057.jpg"
"32",32,"08_23_DEG_000058.jpg","08_23_DEG_000059.jpg","08_23_DEG_000060.jpg"
"33",33,"08_23_DEG_000106.jpg","08_23_DEG_000107.jpg","08_23_DEG_000108.jpg"
"34",34,"08_23_DEG_000109.jpg","08_23_DEG_000110.jpg","08_23_DEG_000111.jpg"
"35",35,"08_23_DEG_000037.jpg","08_23_DEG_000038.jpg","08_23_DEG_000039.jpg"
"36",36,"03_05_SH_000058.jpg","03_05_SH_000059.jpg","03_05_SH_000060.jpg"
"37",37,"08_23_DEG_000112.jpg","08_23_DEG_000113.jpg","08_23_DEG_000114.jpg"
"38",38,"08_23_DEG_000115.jpg","08_23_DEG_000116.jpg","08_23_DEG_000117.jpg"
"39",39,"03_05_SH_000019.jpg","03_05_SH_000020.jpg","03_05_SH_000021.jpg"
"40",40,"08_23_DEG_000178.jpg","08_23_DEG_000179.jpg","08_23_DEG_000180.jpg"
"41",41,"08_23_DEG_000019.jpg","08_23_DEG_000020.jpg","08_23_DEG_000021.jpg"
"42",42,"08_23_DEG_000022.jpg","08_23_DEG_000023.jpg","08_23_DEG_000024.jpg"
"43",43,"08_23_DEG_000181.jpg","08_23_DEG_000182.jpg","08_23_DEG_000183.jpg"
"44",44,"08_23_DEG_000157.jpg","08_23_DEG_000158.jpg","08_23_DEG_000159.jpg"
"45",45,"08_23_DEG_000160.jpg","08_23_DEG_000161.jpg","08_23_DEG_000162.jpg"
"46",46,"08_23_DEG_000163.jpg","08_23_DEG_000164.jpg","08_23_DEG_000165.jpg"
"47",47,"08_23_DEG_000073.jpg","08_23_DEG_000074.jpg","08_23_DEG_000075.jpg"
"48",48,"08_23_DEG_000076.jpg","08_23_DEG_000077.jpg","08_23_DEG_000078.jpg"
"49",49,"03_05_SH_000022.jpg","03_05_SH_000023.jpg","03_05_SH_000024.jpg"
"50",50,"08_23_DEG_000118.jpg","08_23_DEG_000119.jpg","08_23_DEG_000120.jpg"
"51",51,"08_23_DEG_000121.jpg","08_23_DEG_000122.jpg","08_23_DEG_000123.jpg"
"52",52,"08_23_DEG_000256.jpg","08_23_DEG_000257.jpg","08_23_DEG_000258.jpg"
"53",53,"08_23_DEG_000079.jpg","08_23_DEG_000080.jpg","08_23_DEG_000081.jpg"
"54",54,"08_23_DEG_000082.jpg","08_23_DEG_000083.jpg","08_23_DEG_000084.jpg"
"55",55,"08_23_DEG_000235.jpg","08_23_DEG_000236.jpg","08_23_DEG_000237.jpg"
"56",56,"08_23_DEG_000085.jpg","08_23_DEG_000086.jpg","08_23_DEG_000087.jpg"
"57",57,"08_23_DEG_000088.jpg","08_23_DEG_000089.jpg","08_23_DEG_000090.jpg"
"58",58,"08_23_DEG_000166.jpg","08_23_DEG_000167.jpg","08_23_DEG_000168.jpg"
"59",59,"03_05_SH_000088.jpg","03_05_SH_000089.jpg","03_05_SH_000090.jpg"
"60",60,"03_05_SH_000091.jpg","03_05_SH_000092.jpg","03_05_SH_000093.jpg"
"61",61,"08_23_DEG_000091.jpg","08_23_DEG_000092.jpg","08_23_DEG_000093.jpg"
"62",62,"08_23_DEG_000259.jpg","08_23_DEG_000260.jpg","08_23_DEG_000261.jpg"
"63",63,"08_23_DEG_000208.jpg","08_23_DEG_000209.jpg","08_23_DEG_000210.jpg"
"64",64,"08_23_DEG_000211.jpg","08_23_DEG_000212.jpg","08_23_DEG_000213.jpg"
"65",65,"03_05_SH_000127.jpg","03_05_SH_000128.jpg","03_05_SH_000129.jpg"
"66",66,"08_23_DEG_000214.jpg","08_23_DEG_000215.jpg","08_23_DEG_000216.jpg"
"67",67,"08_23_DEG_000283.jpg","08_23_DEG_000284.jpg","08_23_DEG_000285.jpg"
"68",68,"08_23_DEG_000184.jpg","08_23_DEG_000185.jpg","08_23_DEG_000186.jpg"
"69",69,"08_23_DEG_000286.jpg","08_23_DEG_000287.jpg","08_23_DEG_000288.jpg"
"70",70,"08_23_DEG_000217.jpg","08_23_DEG_000218.jpg","08_23_DEG_000219.jpg"
"71",71,"08_23_DEG_000187.jpg","08_23_DEG_000188.jpg","08_23_DEG_000189.jpg"
"72",72,"08_23_DEG_000190.jpg","08_23_DEG_000191.jpg","08_23_DEG_000192.jpg"
"73",73,"08_23_DEG_000193.jpg","08_23_DEG_000194.jpg","08_23_DEG_000195.jpg"
"74",74,"08_23_DEG_000196.jpg","08_23_DEG_000197.jpg","08_23_DEG_000198.jpg"
"75",75,"08_23_DEG_000199.jpg","08_23_DEG_000200.jpg","08_23_DEG_000201.jpg"
"76",76,"08_23_DEG_000289.jpg","08_23_DEG_000290.jpg","08_23_DEG_000291.jpg"
"77",77,"08_23_DEG_000292.jpg","08_23_DEG_000293.jpg","08_23_DEG_000294.jpg"
"78",78,"08_23_DEG_000262.jpg","08_23_DEG_000263.jpg","08_23_DEG_000264.jpg"
"79",79,"08_23_DEG_000169.jpg","08_23_DEG_000170.jpg","08_23_DEG_000171.jpg"
"80",80,"08_23_DEG_000220.jpg","08_23_DEG_000221.jpg","08_23_DEG_000222.jpg"
"81",81,"08_23_DEG_000223.jpg","08_23_DEG_000224.jpg","08_23_DEG_000225.jpg"
"82",82,"08_23_DEG_000226.jpg","08_23_DEG_000227.jpg","08_23_DEG_000228.jpg"
"83",83,"03_05_SH_000061.jpg","03_05_SH_000062.jpg","03_05_SH_000063.jpg"
"84",84,"03_05_SH_000064.jpg","03_05_SH_000065.jpg","03_05_SH_000066.jpg"
"85",85,"03_05_SH_000025.jpg","03_05_SH_000026.jpg","03_05_SH_000027.jpg"
"86",86,"03_05_SH_000067.jpg","03_05_SH_000068.jpg","03_05_SH_000069.jpg"
"87",87,"03_05_SH_000028.jpg","03_05_SH_000029.jpg","03_05_SH_000030.jpg"
"88",88,"30_20_BC_0001.jpg","30_20_BC_0002.jpg","30_20_BC_0003.jpg"
"89",89,"30_20_BC_0004.jpg","30_20_BC_0005.jpg","30_20_BC_0006.jpg"
"90",90,"30_20_BC_0007.jpg","30_20_BC_0008.jpg","30_20_BC_0009.jpg"
"91",91,"30_20_BC_0010.jpg","30_20_BC_0011.jpg","30_20_BC_0012.jpg"
"92",92,"30_20_BC_0013.jpg","30_20_BC_0014.jpg","30_20_BC_0015.jpg"
"93",93,"30_20_BC_0016.jpg","30_20_BC_0017.jpg","30_20_BC_0018.jpg"
"94",94,"30_20_BC_0019.jpg","30_20_BC_0020.jpg","30_20_BC_0021.jpg"
"95",95,"30_20_BC_0022.jpg","30_20_BC_0023.jpg","30_20_BC_0024.jpg"
"96",96,"30_20_BC_0025.jpg","30_20_BC_0026.jpg","30_20_BC_0027.jpg"
"97",97,"30_20_BC_0028.jpg","30_20_BC_0029.jpg","30_20_BC_0030.jpg"
"98",98,"30_20_BC_0031.jpg","30_20_BC_0032.jpg","30_20_BC_0033.jpg"
"99",99,"30_20_BC_0034.jpg","30_20_BC_0035.jpg","30_20_BC_0036.jpg"
"100",100,"30_20_BC_0037.jpg","30_20_BC_0038.jpg","30_20_BC_0039.jpg"
"101",101,"30_20_BC_0040.jpg","30_20_BC_0041.jpg","30_20_BC_0042.jpg"
"102",102,"30_20_BC_0043.jpg","30_20_BC_0044.jpg","30_20_BC_0045.jpg"
"103",103,"30_20_BC_0046.jpg","30_20_BC_0047.jpg","30_20_BC_0048.jpg"
"104",104,"30_20_BC_0049.jpg","30_20_BC_0050.jpg","30_20_BC_0051.jpg"
"105",105,"30_20_BC_0052.jpg","30_20_BC_0053.jpg","30_20_BC_0054.jpg"
"106",106,"28_15_DEG_0001.jpg","28_15_DEG_0002.jpg","28_15_DEG_0003.jpg"
"107",107,"28_15_DEG_0004.jpg","28_15_DEG_0005.jpg","28_15_DEG_0006.jpg"
"108",108,"28_15_DEG_0007.jpg",NA,"NA"
"109",109,"30_20_BC_0055.jpg","30_20_BC_0056.jpg","30_20_BC_0057.jpg"
"110",110,"30_20_BC_0058.jpg","30_20_BC_0059.jpg","30_20_BC_0060.jpg"
"111",111,"30_20_BC_0061.jpg","30_20_BC_0062.jpg","30_20_BC_0063.jpg"
"112",112,"30_20_BC_0064.jpg","30_20_BC_0065.jpg","30_20_BC_0066.jpg"
"113",113,"30_20_BC_0067.jpg","30_20_BC_0068.jpg","30_20_BC_0069.jpg"
"114",114,"30_20_BC_0070.jpg","30_20_BC_0071.jpg","30_20_BC_0072.jpg"
"115",115,"30_20_BC_0073.jpg","30_20_BC_0074.jpg","30_20_BC_0075.jpg"
"116",116,"30_20_BC_0076.jpg","30_20_BC_0077.jpg","30_20_BC_0078.jpg"
"117",117,"30_20_BC_0079.jpg","30_20_BC_0080.jpg","30_20_BC_0081.jpg"
"118",118,"30_20_BC_0082.jpg","30_20_BC_0083.jpg","30_20_BC_0084.jpg"
"119",119,"30_20_BC_0085.jpg","30_20_BC_0086.jpg","30_20_BC_0087.jpg"
"120",120,"30_20_BC_0088.jpg","30_20_BC_0089.jpg","30_20_BC_0090.jpg"
"121",121,"30_20_BC_0091.jpg","30_20_BC_0092.jpg","30_20_BC_0093.jpg"
"122",122,"30_20_BC_0094.jpg","30_20_BC_0095.jpg","30_20_BC_0096.jpg"
"123",123,"30_20_BC_0097.jpg","30_20_BC_0098.jpg","30_20_BC_0099.jpg"
"124",124,"30_20_BC_0100.jpg","30_20_BC_0101.jpg","30_20_BC_0102.jpg"
"125",125,"27_08_IMG_0001.jpg","27_08_IMG_0002.jpg","27_08_IMG_0003.jpg"
"126",126,"30_20_BC_0103.jpg","30_20_BC_0104.jpg","30_20_BC_0105.jpg"
"127",127,"30_20_BC_0106.jpg","30_20_BC_0107.jpg","30_20_BC_0108.jpg"
"128",128,"30_20_BC_0109.jpg","30_20_BC_0110.jpg","30_20_BC_0111.jpg"
"129",129,"30_20_BC_0112.jpg","30_20_BC_0113.jpg","30_20_BC_0114.jpg"
"130",130,"30_20_BC_0115.jpg","30_20_BC_0116.jpg","30_20_BC_0117.jpg"
"131",131,"30_20_BC_0118.jpg","30_20_BC_0119.jpg","30_20_BC_0120.jpg"
"132",132,"30_20_BC_0121.jpg","30_20_BC_0122.jpg","30_20_BC_0123.jpg"
"133",133,"30_20_BC_0124.jpg","30_20_BC_0125.jpg","30_20_BC_0126.jpg"
"134",134,"02_07_WHIP_000019.jpg","02_07_WHIP_000020.jpg","NA"
"135",135,"02_07_WHIP_000067.jpg","02_07_WHIP_000068.jpg","NA"
"136",136,"02_07_WHIP_000115.jpg","02_07_WHIP_000116.jpg","NA"
"137",137,"02_07_WHIP_000124.jpg","02_07_WHIP_000125.jpg","NA"
"138",138,"02_07_WHIP_000139.jpg","02_07_WHIP_000142.jpg","NA"
"139",139,"02_07_WHIP_000148.jpg","02_07_WHIP_000149.jpg","NA"
"140",140,"02_07_WHIP_000199.jpg","02_07_WHIP_000200.jpg","NA"
"141",141,"02_07_WHIP_000238.jpg","02_07_WHIP_000239.jpg","NA"
"142",142,"02_07_WHIP_000256.jpg","02_07_WHIP_000259.jpg","NA"
"143",143,"02_07_WHIP_000265.jpg","02_07_WHIP_000266.jpg","NA"
"144",144,"02_07_WHIP_000271.jpg","02_07_WHIP_000272.jpg","NA"
"145",145,"02_07_WHIP_000325.jpg","02_07_WHIP_000326.jpg","NA"
"146",146,"02_07_WHIP_000340.jpg","02_07_WHIP_000341.jpg","NA"
"147",147,"02_07_WHIP_000355.jpg","02_07_WHIP_000356.jpg","NA"
"148",148,"02_07_WHIP_000361.jpg","02_07_WHIP_000362.jpg","NA"
"149",149,"02_07_WHIP_000001.jpg","02_07_WHIP_000002.jpg","02_07_WHIP_000003.jpg"
"150",150,"02_07_WHIP_000037.jpg","02_07_WHIP_000038.jpg","NA"
"151",151,"02_07_WHIP_000364.jpg","02_07_WHIP_000365.jpg","02_07_WHIP_000366.jpg"
"152",152,"02_07_WHIP_000346.jpg","02_07_WHIP_000347.jpg","02_07_WHIP_000348.jpg"
"153",153,"02_07_WHIP_000004.jpg","02_07_WHIP_000005.jpg","02_07_WHIP_000006.jpg"
"154",154,"02_07_WHIP_000007.jpg","02_07_WHIP_000008.jpg","02_07_WHIP_000009.jpg"
"155",155,"27_08_IMG_0004.jpg","27_08_IMG_0005.jpg","27_08_IMG_0006.jpg"
"156",156,"30_20_BC_0127.jpg","30_20_BC_0128.jpg","30_20_BC_0129.jpg"
"157",157,"02_07_WHIP_000040.jpg","02_07_WHIP_000041.jpg","02_07_WHIP_000042.jpg"
"158",158,"30_20_BC_0130.jpg","30_20_BC_0131.jpg","30_20_BC_0132.jpg"
"159",159,"02_07_WHIP_000028.jpg","02_07_WHIP_000029.jpg","02_07_WHIP_000030.jpg"
"160",160,"02_07_WHIP_000070.jpg","02_07_WHIP_000071.jpg","02_07_WHIP_000072.jpg"
"161",161,"02_07_WHIP_000010.jpg","02_07_WHIP_000011.jpg","02_07_WHIP_000012.jpg"
"162",162,"02_07_WHIP_000013.jpg","02_07_WHIP_000014.jpg","02_07_WHIP_000015.jpg"
"163",163,"27_08_IMG_0007.jpg","27_08_IMG_0008.jpg","27_08_IMG_0009.jpg"
"164",164,"02_07_WHIP_000043.jpg","02_07_WHIP_000044.jpg","02_07_WHIP_000045.jpg"
"165",165,"30_20_BC_0133.jpg","30_20_BC_0134.jpg","30_20_BC_0135.jpg"
"166",166,"02_07_WHIP_000046.jpg","02_07_WHIP_000047.jpg","02_07_WHIP_000048.jpg"
"167",167,"30_20_BC_0136.jpg","30_20_BC_0137.jpg","30_20_BC_0138.jpg"
"168",168,"02_07_WHIP_000049.jpg","02_07_WHIP_000050.jpg","02_07_WHIP_000051.jpg"
"169",169,"02_07_WHIP_000052.jpg","02_07_WHIP_000053.jpg","02_07_WHIP_000054.jpg"
"170",170,"02_07_WHIP_000055.jpg","02_07_WHIP_000056.jpg","02_07_WHIP_000057.jpg"
"171",171,"30_20_BC_0139.jpg","30_20_BC_0140.jpg","30_20_BC_0141.jpg"
"172",172,"02_07_WHIP_000058.jpg","02_07_WHIP_000059.jpg","02_07_WHIP_000060.jpg"
"173",173,"02_07_WHIP_000031.jpg","02_07_WHIP_000032.jpg","02_07_WHIP_000033.jpg"
"174",174,"31_06_WHIP_0001.jpg","31_06_WHIP_0002.jpg","31_06_WHIP_0003.jpg"
"175",175,"31_06_WHIP_0004.jpg","31_06_WHIP_0005.jpg","31_06_WHIP_0006.jpg"
"176",176,"02_07_WHIP_000127.jpg","02_07_WHIP_000128.jpg","02_07_WHIP_000129.jpg"
"177",177,"02_07_WHIP_000130.jpg","02_07_WHIP_000131.jpg","02_07_WHIP_000132.jpg"
"178",178,"02_07_WHIP_000133.jpg","02_07_WHIP_000134.jpg","02_07_WHIP_000135.jpg"
"179",179,"30_20_BC_0142.jpg","30_20_BC_0143.jpg","30_20_BC_0144.jpg"
"180",180,"30_20_BC_0145.jpg","30_20_BC_0146.jpg","30_20_BC_0147.jpg"
"181",181,"27_08_IMG_0010.jpg","27_08_IMG_0011.jpg","27_08_IMG_0012.jpg"
"182",182,"27_08_IMG_0013.jpg","27_08_IMG_0014.jpg","27_08_IMG_0015.jpg"
"183",183,"27_08_IMG_0016.jpg","27_08_IMG_0017.jpg","27_08_IMG_0018.jpg"
"184",184,"27_08_IMG_0019.jpg","27_08_IMG_0020.jpg","27_08_IMG_0021.jpg"
"185",185,"27_08_IMG_0022.jpg","27_08_IMG_0023.jpg","27_08_IMG_0024.jpg"
"186",186,"02_07_WHIP_000073.jpg","02_07_WHIP_000074.jpg","02_07_WHIP_000075.jpg"
"187",187,"02_07_WHIP_000076.jpg","02_07_WHIP_000077.jpg","02_07_WHIP_000078.jpg"
"188",188,"02_07_WHIP_000118.jpg","02_07_WHIP_000119.jpg","02_07_WHIP_000120.jpg"
"189",189,"02_07_WHIP_000079.jpg","02_07_WHIP_000080.jpg","02_07_WHIP_000081.jpg"
"190",190,"02_07_WHIP_000082.jpg","02_07_WHIP_000083.jpg","02_07_WHIP_000084.jpg"
"191",191,"02_07_WHIP_000085.jpg","02_07_WHIP_000086.jpg","02_07_WHIP_000087.jpg"
"192",192,"30_20_BC_0148.jpg","30_20_BC_0149.jpg","30_20_BC_0150.jpg"
"193",193,"30_20_BC_0151.jpg","30_20_BC_0152.jpg","30_20_BC_0153.jpg"
"194",194,"02_07_WHIP_000088.jpg","02_07_WHIP_000089.jpg","02_07_WHIP_000090.jpg"
"195",195,"02_07_WHIP_000091.jpg","02_07_WHIP_000092.jpg","02_07_WHIP_000093.jpg"
"196",196,"30_20_BC_0154.jpg","30_20_BC_0155.jpg","30_20_BC_0156.jpg"
"197",197,"02_07_WHIP_000094.jpg","02_07_WHIP_000095.jpg","02_07_WHIP_000096.jpg"
"198",198,"30_20_BC_0157.jpg","30_20_BC_0158.jpg","30_20_BC_0159.jpg"
"199",199,"02_07_WHIP_000097.jpg","02_07_WHIP_000098.jpg","02_07_WHIP_000099.jpg"
"200",200,"02_07_WHIP_000100.jpg","02_07_WHIP_000101.jpg","02_07_WHIP_000102.jpg"
"201",201,"02_07_WHIP_000103.jpg","02_07_WHIP_000104.jpg","02_07_WHIP_000105.jpg"
"202",202,"02_07_WHIP_000106.jpg","02_07_WHIP_000107.jpg","02_07_WHIP_000108.jpg"
"203",203,"02_07_WHIP_000109.jpg","02_07_WHIP_000110.jpg","02_07_WHIP_000111.jpg"
"204",204,"27_08_IMG_0025.jpg","27_08_IMG_0026.jpg","27_08_IMG_0027.jpg"
"205",205,"30_20_BC_0160.jpg","30_20_BC_0161.jpg","30_20_BC_0162.jpg"
"206",206,"30_20_BC_0163.jpg","30_20_BC_0164.jpg","30_20_BC_0165.jpg"
"207",207,"30_20_BC_0166.jpg","30_20_BC_0167.jpg","30_20_BC_0168.jpg"
"208",208,"30_20_BC_0169.jpg","30_20_BC_0170.jpg","30_20_BC_0171.jpg"
"209",209,"30_20_BC_0172.jpg","30_20_BC_0173.jpg","30_20_BC_0174.jpg"
"210",210,"30_20_BC_0175.jpg","30_20_BC_0176.jpg","30_20_BC_0177.jpg"
"211",211,"30_20_BC_0178.jpg","30_20_BC_0179.jpg","30_20_BC_0180.jpg"
"212",212,"30_20_BC_0181.jpg","30_20_BC_0182.jpg","30_20_BC_0183.jpg"
"213",213,"30_20_BC_0184.jpg","30_20_BC_0185.jpg","30_20_BC_0186.jpg"
"214",214,"30_20_BC_0187.jpg","30_20_BC_0188.jpg","30_20_BC_0189.jpg"
"215",215,"30_20_BC_0190.jpg","30_20_BC_0191.jpg","30_20_BC_0192.jpg"
"216",216,"30_20_BC_0193.jpg","30_20_BC_0194.jpg","30_20_BC_0195.jpg"
"217",217,"30_20_BC_0196.jpg","30_20_BC_0197.jpg","30_20_BC_0198.jpg"
"218",218,"30_20_BC_0199.jpg","30_20_BC_0200.jpg","30_20_BC_0201.jpg"
"219",219,"30_20_BC_0202.jpg","30_20_BC_0203.jpg","30_20_BC_0204.jpg"
"220",220,"30_20_BC_0205.jpg","30_20_BC_0206.jpg","30_20_BC_0207.jpg"
"221",221,"30_20_BC_0208.jpg","30_20_BC_0209.jpg","30_20_BC_0210.jpg"
"222",222,"30_20_BC_0211.jpg","30_20_BC_0212.jpg","30_20_BC_0213.jpg"
"223",223,"30_20_BC_0214.jpg","30_20_BC_0215.jpg","30_20_BC_0216.jpg"
"224",224,"30_20_BC_0217.jpg","30_20_BC_0218.jpg","30_20_BC_0219.jpg"
"225",225,"30_20_BC_0220.jpg","30_20_BC_0221.jpg","30_20_BC_0222.jpg"
"226",226,"30_20_BC_0223.jpg","30_20_BC_0224.jpg","30_20_BC_0225.jpg"
"227",227,"30_20_BC_0226.jpg","30_20_BC_0227.jpg","30_20_BC_0228.jpg"
"228",228,"30_20_BC_0229.jpg","30_20_BC_0230.jpg","30_20_BC_0231.jpg"
"229",229,"30_20_BC_0232.jpg","30_20_BC_0233.jpg","30_20_BC_0234.jpg"
"230",230,"30_20_BC_0235.jpg","30_20_BC_0236.jpg","30_20_BC_0237.jpg"
"231",231,"30_20_BC_0238.jpg","30_20_BC_0239.jpg","30_20_BC_0240.jpg"
"232",232,"30_20_BC_0241.jpg","30_20_BC_0242.jpg","30_20_BC_0243.jpg"
"233",233,"30_20_BC_0244.jpg","30_20_BC_0245.jpg","30_20_BC_0246.jpg"
"234",234,"30_20_BC_0247.jpg","30_20_BC_0248.jpg","30_20_BC_0249.jpg"
"235",235,"30_20_BC_0250.jpg","30_20_BC_0251.jpg","30_20_BC_0252.jpg"
